GEOID,population
13001950100,3421.0
13001950201,2491.0
13001950202,2466.0
13001950301,2960.0
13001950302,1596.0
13001950400,1852.0
13001950500,3723.0
13003960100,2214.0
13003960200,4604.0
13003960300,1451.0
13005970100,2699.0
13005970201,4295.0
13005970202,4169.0
13007960100,1910.0
13007960200,1018.0
13009970101,2266.0
13009970102,3055.0
13009970201,3248.0
13009970202,3480.0
13009970301,2341.0
13009970302,3470.0
13009970400,3803.0
13009970501,3754.0
13009970502,2724.0
13009970600,3754.0
13009970701,1974.0
13009970702,2312.0
13009970801,3230.0
13009970802,4465.0
13011970100,5097.0
13011970200,4574.0
13011970300,4532.0
13011970400,3858.0
13013180103,6116.0
13013180104,2366.0
13013180105,2789.0
13013180106,2615.0
13013180107,4103.0
13013180108,2929.0
13013180203,3662.0
13013180204,3233.0
13013180205,5038.0
13013180206,3339.0
13013180301,3193.0
13013180302,5845.0
13013180303,5765.0
13013180401,6089.0
13013180402,6318.0
13013180501,7898.0
13013180502,4939.0
13013180503,5901.0
13015960101,1657.0
13015960103,3659.0
13015960104,2646.0
13015960105,3748.0
13015960201,2788.0
13015960202,3836.0
13015960203,3855.0
13015960301,3823.0
13015960302,3039.0
13015960403,4185.0
13015960404,5511.0
13015960405,4903.0
13015960406,2625.0
13015960407,2782.0
13015960501,6496.0
13015960502,2831.0
13015960601,5435.0
13015960602,3500.0
13015960701,4448.0
13015960702,3055.0
13015960801,4734.0
13015960802,3455.0
13015960804,3788.0
13015960805,1866.0
13015960901,2831.0
13015960902,7412.0
13015961001,5550.0
13015961002,3410.0
13017960100,2966.0
13017960200,1725.0
13017960300,3501.0
13017960400,4234.0
13017960501,778.0
13017960502,4033.0
13019970100,1330.0
13019970200,3787.0
13019970300,2837.0
13019970400,3516.0
13019970500,3386.0
13019970600,3339.0
13021010100,1682.0
13021010200,1967.0
13021010400,1603.0
13021010500,2771.0
13021010800,1618.0
13021011001,3197.0
13021011002,895.0
13021011100,1855.0
13021011500,1290.0
13021011701,2864.0
13021011702,4259.0
13021011800,4035.0
13021011900,1916.0
13021012000,4899.0
13021012101,3032.0
13021012102,5470.0
13021012200,2513.0
13021012400,4589.0
13021012500,3150.0
13021012600,4086.0
13021012700,1759.0
13021012800,3064.0
13021012900,1636.0
13021013101,6041.0
13021013102,4213.0
13021013201,5382.0
13021013202,3071.0
13021013302,3751.0
13021013407,4516.0
13021013408,4370.0
13021013409,4389.0
13021013411,4817.0
13021013412,3871.0
13021013413,1763.0
13021013502,1801.0
13021013503,2543.0
13021013505,4858.0
13021013506,4539.0
13021013603,4971.0
13021013604,4827.0
13021013605,6236.0
13021013607,2693.0
13021013608,4020.0
13021013701,1874.0
13021013702,1137.0
13021013800,1460.0
13021013900,1864.0
13021014000,3554.0
13023790100,4362.0
13023790200,2784.0
13023790301,3083.0
13023790302,2333.0
13025960101,3721.0
13025960102,3379.0
13025960201,1842.0
13025960202,3957.0
13025960300,5173.0
13027960200,1376.0
13027960301,3967.0
13027960302,1547.0
13027960400,3803.0
13027960500,3072.0
13027960600,2489.0
13029920101,5297.0
13029920103,4459.0
13029920104,1544.0
13029920301,1756.0
13029920303,7013.0
13029920305,4974.0
13029920307,8408.0
13029920308,9827.0
13029980000,0.0
13031110100,3657.0
13031110201,3733.0
13031110202,4125.0
13031110301,3730.0
13031110302,6237.0
13031110401,4220.0
13031110405,5331.0
13031110406,1926.0
13031110407,5538.0
13031110408,3373.0
13031110500,4425.0
13031110602,4412.0
13031110603,4179.0
13031110604,3146.0
13031110701,5067.0
13031110702,3873.0
13031110703,2252.0
13031110800,2994.0
13031110901,4714.0
13031110902,2703.0
13033950101,2528.0
13033950102,3219.0
13033950200,3239.0
13033950400,4738.0
13033950500,5881.0
13033950700,2939.0
13033950900,1687.0
13035150101,4387.0
13035150102,4693.0
13035150201,4978.0
13035150202,2449.0
13035150300,8443.0
13037950100,2984.0
13037950200,2684.0
13039010100,2768.0
13039010201,2183.0
13039010202,2686.0
13039010302,4798.0
13039010303,3502.0
13039010304,2755.0
13039010305,2077.0
13039010403,4300.0
13039010404,5138.0
13039010405,7221.0
13039010406,2155.0
13039010407,3989.0
13039010500,3237.0
13039010602,1413.0
13039010603,2493.0
13039010604,3541.0
13039990000,0.0
13043950100,5279.0
13043950200,3180.0
13043950300,2426.0
13045910101,6194.0
13045910103,5114.0
13045910105,4532.0
13045910106,5242.0
13045910201,3526.0
13045910202,5973.0
13045910203,4255.0
13045910301,3349.0
13045910302,3928.0
13045910400,3592.0
13045910502,3206.0
13045910503,4053.0
13045910504,4134.0
13045910600,5887.0
13045910704,3762.0
13045910705,4953.0
13045910706,5317.0
13045910707,4736.0
13045910708,3978.0
13045910709,3729.0
13045910800,3945.0
13045910900,4058.0
13045911001,3560.0
13045911002,3308.0
13045911101,5166.0
13045911102,3035.0
13045911201,2904.0
13045911202,2966.0
13047030100,6694.0
13047030201,5374.0
13047030202,6415.0
13047030303,3618.0
13047030304,4074.0
13047030305,1959.0
13047030306,5565.0
13047030402,5837.0
13047030403,5220.0
13047030404,2788.0
13047030501,2921.0
13047030502,3767.0
13047030600,5573.0
13047030701,3047.0
13047030702,4727.0
13049010101,4831.0
13049010102,4233.0
13049010200,3352.0
13051000601,4745.0
13051001100,1713.0
13051001200,2795.0
13051002000,1295.0
13051002100,2215.0
13051002200,4435.0
13051002300,1774.0
13051002600,1828.0
13051002700,3256.0
13051002800,3194.0
13051002900,2907.0
13051003000,1843.0
13051003301,1538.0
13051003302,2149.0
13051003400,4492.0
13051003501,2522.0
13051003502,3828.0
13051003601,4063.0
13051003602,5357.0
13051003700,2163.0
13051003800,2997.0
13051003900,3781.0
13051004001,4468.0
13051004002,3139.0
13051004100,2112.0
13051004207,3050.0
13051004208,4398.0
13051004209,3576.0
13051004210,4956.0
13051004211,5199.0
13051004212,5747.0
13051004300,2951.0
13051004400,2631.0
13051004500,4107.0
13051010102,4229.0
13051010200,4696.0
13051010502,4373.0
13051010503,1847.0
13051010504,4110.0
13051010601,4555.0
13051010603,2620.0
13051010701,3354.0
13051010702,5911.0
13051010703,6327.0
13051010704,6111.0
13051010705,2905.0
13051010706,1703.0
13051010707,3966.0
13051010801,4029.0
13051010806,6383.0
13051010807,6545.0
13051010810,5574.0
13051010811,5142.0
13051010812,4705.0
13051010813,5291.0
13051010814,4791.0
13051010815,2395.0
13051010816,2446.0
13051010817,3753.0
13051010818,2044.0
13051010819,3209.0
13051010820,1795.0
13051010821,1950.0
13051010901,4017.0
13051011004,3555.0
13051011005,4903.0
13051011006,4182.0
13051011007,2611.0
13051011008,3800.0
13051011104,5252.0
13051011107,3440.0
13051011108,3053.0
13051011110,1570.0
13051011111,1913.0
13051011112,3160.0
13051011113,4056.0
13051011114,2210.0
13051011115,2980.0
13051011200,1671.0
13051011300,1977.0
13051011400,1628.0
13051011500,2636.0
13051011600,1991.0
13051011700,2891.0
13051011800,1365.0
13051011900,1971.0
13051980000,0.0
13051990000,0.0
13053020100,2047.0
13053020201,2999.0
13053020203,1577.0
13053020205,2176.0
13053020206,734.0
13055010100,2291.0
13055010201,3296.0
13055010202,3311.0
13055010300,2625.0
13055010401,1956.0
13055010402,2767.0
13055010501,3046.0
13055010502,3187.0
13055010600,2419.0
13057090101,4946.0
13057090102,4396.0
13057090103,2099.0
13057090201,2225.0
13057090202,6610.0
13057090301,5191.0
13057090302,2583.0
13057090303,6129.0
13057090401,5635.0
13057090402,5159.0
13057090503,4206.0
13057090504,5277.0
13057090505,4716.0
13057090506,4081.0
13057090507,2830.0
13057090603,6141.0
13057090604,3069.0
13057090605,3994.0
13057090606,4712.0
13057090703,5071.0
13057090704,4433.0
13057090705,2676.0
13057090706,4985.0
13057090707,4506.0
13057090708,6268.0
13057090709,2100.0
13057090710,4052.0
13057090805,4328.0
13057090806,4892.0
13057090807,7217.0
13057090808,6614.0
13057090809,3981.0
13057090810,4327.0
13057090905,4844.0
13057090906,6387.0
13057090907,4687.0
13057090908,6079.0
13057090909,5964.0
13057090910,4692.0
13057090911,5124.0
13057090912,3827.0
13057091001,5171.0
13057091006,4729.0
13057091007,7258.0
13057091009,5905.0
13057091010,3065.0
13057091011,4313.0
13057091012,3736.0
13057091013,4970.0
13057091014,4650.0
13057091101,6436.0
13057091104,5367.0
13057091105,5233.0
13057091106,5121.0
13057091107,3550.0
13057091108,1598.0
13059000100,2941.0
13059000401,1429.0
13059000402,8761.0
13059000600,3043.0
13059000900,4047.0
13059001200,3144.0
13059001700,2009.0
13059001800,2246.0
13059001900,3215.0
13059002000,2150.0
13059002100,4199.0
13059002200,2647.0
13059030101,2415.0
13059030102,2539.0
13059030200,5235.0
13059130300,5813.0
13059130400,6821.0
13059130500,3134.0
13059130601,4298.0
13059130602,3090.0
13059130701,3855.0
13059130702,2773.0
13059140300,4678.0
13059140400,3586.0
13059140500,2087.0
13059140600,5263.0
13059150300,3406.0
13059150400,3900.0
13059150500,5088.0
13059150600,3640.0
13059150701,4314.0
13059150702,1453.0
13059150800,6702.0
13059150900,4274.0
13061960300,2883.0
13063040202,2905.0
13063040203,3891.0
13063040204,5207.0
13063040302,5736.0
13063040306,5002.0
13063040307,4290.0
13063040308,4038.0
13063040309,3185.0
13063040310,3533.0
13063040407,4473.0
13063040409,6140.0
13063040410,8366.0
13063040414,1531.0
13063040416,2870.0
13063040417,6998.0
13063040418,2991.0
13063040419,7185.0
13063040420,7350.0
13063040421,6064.0
13063040422,2799.0
13063040423,5091.0
13063040424,3066.0
13063040425,5497.0
13063040426,2626.0
13063040427,5031.0
13063040509,4426.0
13063040510,4058.0
13063040512,5488.0
13063040513,5300.0
13063040518,5527.0
13063040519,4904.0
13063040521,3870.0
13063040522,4614.0
13063040523,2821.0
13063040525,2894.0
13063040527,3990.0
13063040528,2555.0
13063040529,3110.0
13063040530,3773.0
13063040531,2506.0
13063040532,1709.0
13063040533,4799.0
13063040534,3243.0
13063040535,3454.0
13063040536,3911.0
13063040537,5515.0
13063040538,2575.0
13063040606,4641.0
13063040609,7192.0
13063040614,5428.0
13063040615,2014.0
13063040617,1512.0
13063040623,5900.0
13063040624,2227.0
13063040625,4382.0
13063040626,5859.0
13063040627,5785.0
13063040628,3049.0
13063040629,2304.0
13063040630,3120.0
13063040631,6858.0
13063040632,5668.0
13063040633,3336.0
13063040634,3922.0
13063040635,3253.0
13063040636,6058.0
13063040637,3815.0
13063040638,3742.0
13063040639,3363.0
13063980000,0.0
13065970100,5560.0
13065970200,1177.0
13067030104,3639.0
13067030107,5094.0
13067030108,4687.0
13067030109,4702.0
13067030110,4439.0
13067030111,4827.0
13067030112,2865.0
13067030113,4230.0
13067030220,1549.0
13067030233,4886.0
13067030235,4931.0
13067030236,4593.0
13067030240,5073.0
13067030241,2464.0
13067030242,4100.0
13067030243,6009.0
13067030244,4778.0
13067030245,4080.0
13067030246,1503.0
13067030247,2912.0
13067030248,6468.0
13067030249,3531.0
13067030250,5446.0
13067030251,2937.0
13067030252,4865.0
13067030253,3510.0
13067030254,1714.0
13067030255,5318.0
13067030256,5297.0
13067030257,4517.0
13067030258,3502.0
13067030259,3769.0
13067030260,2562.0
13067030261,3872.0
13067030262,4547.0
13067030263,2906.0
13067030264,2668.0
13067030265,4084.0
13067030266,2346.0
13067030267,3655.0
13067030268,3010.0
13067030269,3102.0
13067030270,3072.0
13067030271,3012.0
13067030272,2438.0
13067030273,2801.0
13067030274,4080.0
13067030275,2731.0
13067030276,2901.0
13067030277,3203.0
13067030278,6749.0
13067030319,4633.0
13067030322,3848.0
13067030324,4333.0
13067030326,4225.0
13067030327,5127.0
13067030329,4545.0
13067030331,5465.0
13067030332,3038.0
13067030334,3168.0
13067030335,4980.0
13067030337,5114.0
13067030340,4483.0
13067030341,4345.0
13067030342,4765.0
13067030343,5146.0
13067030344,3763.0
13067030345,6548.0
13067030346,5338.0
13067030347,4698.0
13067030348,5387.0
13067030349,3086.0
13067030350,2365.0
13067030351,3239.0
13067030352,5885.0
13067030353,3135.0
13067030354,4450.0
13067030355,2263.0
13067030356,4863.0
13067030357,2224.0
13067030358,3817.0
13067030359,4113.0
13067030360,2054.0
13067030361,4261.0
13067030362,2965.0
13067030363,3272.0
13067030364,2689.0
13067030365,2967.0
13067030366,3200.0
13067030367,2522.0
13067030368,2631.0
13067030369,3465.0
13067030370,3993.0
13067030405,6960.0
13067030407,5170.0
13067030408,2653.0
13067030409,3332.0
13067030410,4496.0
13067030411,2167.0
13067030412,4944.0
13067030413,4878.0
13067030414,2842.0
13067030505,6052.0
13067030506,4605.0
13067030507,6135.0
13067030508,3645.0
13067030509,3877.0
13067030510,1755.0
13067030511,3898.0
13067030602,7347.0
13067030603,5514.0
13067030604,2623.0
13067030700,4619.0
13067030800,6700.0
13067030906,4227.0
13067030907,3661.0
13067030908,4478.0
13067030909,4468.0
13067030910,3815.0
13067030911,4117.0
13067030912,5306.0
13067031001,5434.0
13067031004,8769.0
13067031005,5259.0
13067031006,4227.0
13067031007,5213.0
13067031101,7059.0
13067031110,3180.0
13067031111,3380.0
13067031112,6991.0
13067031113,1425.0
13067031114,6670.0
13067031115,4210.0
13067031116,4202.0
13067031117,6385.0
13067031118,5402.0
13067031119,3944.0
13067031120,4342.0
13067031121,2592.0
13067031122,2356.0
13067031207,4964.0
13067031209,4664.0
13067031212,2635.0
13067031213,2881.0
13067031214,3869.0
13067031215,4887.0
13067031216,2877.0
13067031217,3705.0
13067031218,2424.0
13067031219,2064.0
13067031220,2403.0
13067031221,2925.0
13067031306,4566.0
13067031308,4722.0
13067031314,6031.0
13067031315,5037.0
13067031316,6028.0
13067031317,5470.0
13067031318,4802.0
13067031319,5235.0
13067031320,5235.0
13067031321,1985.0
13067031322,4262.0
13067031323,2672.0
13067031324,4440.0
13067031325,1878.0
13067031409,5831.0
13067031410,4762.0
13067031411,4060.0
13067031412,4688.0
13067031413,3665.0
13067031414,4273.0
13067031415,1874.0
13067031416,4114.0
13067031417,3262.0
13067031506,6251.0
13067031507,3238.0
13067031510,3035.0
13067031511,6683.0
13067031512,5335.0
13067031513,5199.0
13067031514,3375.0
13067031515,3728.0
13067031516,2745.0
13067031517,3236.0
13067031518,2779.0
13069010100,3285.0
13069010200,3170.0
13069010301,2419.0
13069010302,3490.0
13069010401,2724.0
13069010402,3291.0
13069010500,3705.0
13069010600,5901.0
13069010701,3867.0
13069010702,1719.0
13069010801,4925.0
13069010802,4552.0
13071970101,3688.0
13071970102,2245.0
13071970200,2778.0
13071970301,2218.0
13071970302,2431.0
13071970400,4092.0
13071970500,3725.0
13071970601,2127.0
13071970602,3174.0
13071970702,2349.0
13071970703,4552.0
13071970704,2377.0
13071970800,3254.0
13071970901,2760.0
13071970902,4030.0
13073030103,4015.0
13073030105,5585.0
13073030106,3439.0
13073030107,3639.0
13073030108,6496.0
13073030201,6346.0
13073030202,2853.0
13073030203,6479.0
13073030304,10268.0
13073030306,7246.0
13073030307,7207.0
13073030308,12401.0
13073030310,3786.0
13073030311,6519.0
13073030312,7262.0
13073030313,4243.0
13073030401,2265.0
13073030403,10919.0
13073030404,1866.0
13073030503,11962.0
13073030504,4485.0
13073030505,8683.0
13073030507,5139.0
13073030508,7479.0
13073030603,3692.0
13075960100,1882.0
13075960200,3525.0
13075960301,3373.0
13075960302,3581.0
13075960400,4827.0
13077170101,1806.0
13077170102,5788.0
13077170200,7777.0
13077170303,6545.0
13077170304,7728.0
13077170307,6556.0
13077170308,4350.0
13077170309,4574.0
13077170310,4422.0
13077170403,5699.0
13077170404,5271.0
13077170405,7626.0
13077170406,4301.0
13077170407,1044.0
13077170408,7994.0
13077170501,6880.0
13077170502,7974.0
13077170503,7397.0
13077170603,6403.0
13077170604,3832.0
13077170605,3686.0
13077170606,4565.0
13077170607,4188.0
13077170701,4719.0
13077170702,3289.0
13077170801,4958.0
13077170802,5556.0
13079070100,3306.0
13079070201,5671.0
13079070202,3182.0
13081010100,4100.0
13081010201,4085.0
13081010202,2458.0
13081010300,2740.0
13081010400,5754.0
13081010500,1387.0
13083040102,3405.0
13083040103,2847.0
13083040104,2023.0
13083040200,3896.0
13083040300,4142.0
13085970101,2061.0
13085970102,4432.0
13085970103,3015.0
13085970203,4876.0
13085970204,3614.0
13085970205,3930.0
13085970206,4274.0
13087970100,3223.0
13087970200,2607.0
13087970301,3409.0
13087970302,3872.0
13087970400,5223.0
13087970600,6505.0
13087970700,1773.0
13087970800,2408.0
13089020100,2076.0
13089020200,1920.0
13089020300,4488.0
13089020400,2786.0
13089020500,3410.0
13089020600,2079.0
13089020700,2725.0
13089020801,2792.0
13089020802,4249.0
13089020901,3102.0
13089020902,3053.0
13089021101,4259.0
13089021103,4781.0
13089021104,1904.0
13089021204,3004.0
13089021208,5144.0
13089021210,5507.0
13089021211,4937.0
13089021213,3706.0
13089021217,2857.0
13089021219,4665.0
13089021220,3829.0
13089021221,2768.0
13089021222,4959.0
13089021223,1961.0
13089021224,4336.0
13089021225,2533.0
13089021226,2966.0
13089021227,5565.0
13089021228,3571.0
13089021229,3385.0
13089021230,3765.0
13089021301,3547.0
13089021305,5298.0
13089021306,5286.0
13089021307,3708.0
13089021308,4026.0
13089021309,1911.0
13089021310,5176.0
13089021405,4836.0
13089021409,3822.0
13089021410,5578.0
13089021411,4154.0
13089021412,3825.0
13089021415,4049.0
13089021416,2197.0
13089021417,5017.0
13089021418,2364.0
13089021419,2045.0
13089021420,1383.0
13089021421,2296.0
13089021502,4343.0
13089021503,3632.0
13089021505,3056.0
13089021506,2600.0
13089021602,3550.0
13089021604,3299.0
13089021606,3971.0
13089021607,1536.0
13089021608,3623.0
13089021609,1793.0
13089021703,4386.0
13089021707,2700.0
13089021708,3853.0
13089021709,2943.0
13089021710,2422.0
13089021711,2739.0
13089021712,2287.0
13089021808,4854.0
13089021812,2858.0
13089021813,2016.0
13089021815,4458.0
13089021816,2370.0
13089021817,2635.0
13089021818,4974.0
13089021819,3094.0
13089021820,2343.0
13089021821,3053.0
13089021822,3985.0
13089021823,4141.0
13089021824,2474.0
13089021906,6058.0
13089021908,4834.0
13089021910,7613.0
13089021911,2703.0
13089021912,3528.0
13089021913,4314.0
13089021914,3461.0
13089021915,4486.0
13089021916,2907.0
13089021917,3442.0
13089022001,4744.0
13089022005,4988.0
13089022007,4622.0
13089022010,2321.0
13089022011,6311.0
13089022012,3404.0
13089022013,3782.0
13089022014,2507.0
13089022015,2512.0
13089022016,3795.0
13089022100,3390.0
13089022203,2093.0
13089022205,4797.0
13089022206,2571.0
13089022302,3983.0
13089022303,3534.0
13089022304,2878.0
13089022401,4194.0
13089022403,3998.0
13089022404,3516.0
13089022405,2987.0
13089022501,4556.0
13089022502,2788.0
13089022601,4212.0
13089022602,2202.0
13089022700,5255.0
13089022800,4403.0
13089022900,4044.0
13089023000,2371.0
13089023101,4259.0
13089023102,3271.0
13089023107,4059.0
13089023108,4096.0
13089023111,2377.0
13089023112,4034.0
13089023113,3040.0
13089023114,3781.0
13089023115,2000.0
13089023209,5603.0
13089023211,3960.0
13089023212,3827.0
13089023213,7094.0
13089023214,5068.0
13089023215,4543.0
13089023216,4317.0
13089023217,4217.0
13089023218,3071.0
13089023219,4287.0
13089023220,3282.0
13089023221,2944.0
13089023222,4403.0
13089023311,5058.0
13089023313,5729.0
13089023315,7022.0
13089023317,3346.0
13089023318,3658.0
13089023319,3216.0
13089023320,3585.0
13089023321,4465.0
13089023322,3373.0
13089023323,3875.0
13089023324,3390.0
13089023325,4935.0
13089023326,4030.0
13089023327,7144.0
13089023328,4692.0
13089023329,3566.0
13089023330,4304.0
13089023331,3234.0
13089023332,2887.0
13089023410,3271.0
13089023411,3704.0
13089023413,3706.0
13089023422,6173.0
13089023424,4926.0
13089023425,6354.0
13089023426,4526.0
13089023427,3100.0
13089023429,4484.0
13089023430,4226.0
13089023431,1605.0
13089023432,3539.0
13089023433,4690.0
13089023434,4055.0
13089023435,3170.0
13089023436,3356.0
13089023437,6500.0
13089023438,4748.0
13089023439,2792.0
13089023440,3715.0
13089023441,3163.0
13089023442,3181.0
13089023443,6316.0
13089023444,2473.0
13089023445,3713.0
13089023446,1783.0
13089023447,2946.0
13089023448,3505.0
13089023501,3494.0
13089023504,3418.0
13089023505,2846.0
13089023506,6661.0
13089023507,3739.0
13089023601,2889.0
13089023602,1949.0
13089023603,4466.0
13089023701,2550.0
13089023702,3334.0
13089023801,4946.0
13089023802,3662.0
13089023803,6226.0
13089980000,0.0
13091960100,3424.0
13091960200,2699.0
13091960301,3598.0
13091960302,2758.0
13091960400,3882.0
13091960500,1832.0
13091960600,1896.0
13093970100,4899.0
13093970200,1457.0
13093970300,5190.0
13095000101,1670.0
13095000102,2724.0
13095000200,2228.0
13095000400,5897.0
13095000501,5116.0
13095000502,3893.0
13095000600,3390.0
13095000700,1604.0
13095000800,898.0
13095000900,2488.0
13095001000,2684.0
13095001100,4508.0
13095001403,1909.0
13095001500,2495.0
13095010302,5751.0
13095010401,7246.0
13095010402,3310.0
13095010403,1513.0
13095010500,1858.0
13095010601,2110.0
13095010602,3299.0
13095010701,3405.0
13095010702,2543.0
13095010900,1430.0
13095011000,3155.0
13095011200,3991.0
13095011300,2849.0
13095011400,1323.0
13095011600,1538.0
13097080104,5248.0
13097080105,4036.0
13097080106,3495.0
13097080107,3740.0
13097080201,6447.0
13097080203,6325.0
13097080204,3123.0
13097080303,3170.0
13097080304,6767.0
13097080305,5327.0
13097080306,4155.0
13097080307,3527.0
13097080403,5316.0
13097080405,5090.0
13097080406,3984.0
13097080407,4677.0
13097080408,2842.0
13097080505,4693.0
13097080506,5254.0
13097080507,3737.0
13097080508,5156.0
13097080509,6326.0
13097080512,4968.0
13097080513,4777.0
13097080514,4125.0
13097080515,5482.0
13097080602,7024.0
13097080605,3644.0
13097080606,4581.0
13097080607,3846.0
13097080608,2638.0
13099090100,1200.0
13099090200,2828.0
13099090300,1247.0
13099090400,3848.0
13099090500,1690.0
13101880100,1367.0
13101880200,2324.0
13103030100,3529.0
13103030204,4671.0
13103030205,3388.0
13103030206,3169.0
13103030207,2023.0
13103030208,4157.0
13103030209,2380.0
13103030301,8121.0
13103030303,2483.0
13103030306,3193.0
13103030307,5337.0
13103030308,4393.0
13103030309,4268.0
13103030401,4989.0
13103030403,4369.0
13103030404,2978.0
13105000100,3814.0
13105000200,2679.0
13105000300,3495.0
13105000400,4067.0
13105000501,1650.0
13105000502,3748.0
13107970101,3355.0
13107970102,1687.0
13107970200,1890.0
13107970300,4516.0
13107970401,2907.0
13107970402,1780.0
13107970500,1477.0
13107970601,2550.0
13107970602,2577.0
13109970100,2870.0
13109970200,3794.0
13109970300,4097.0
13111050100,3589.0
13111050200,7071.0
13111050300,2401.0
13111050400,7544.0
13111050500,4593.0
13113140102,6390.0
13113140103,1518.0
13113140104,6188.0
13113140203,6266.0
13113140204,6058.0
13113140206,4353.0
13113140207,6129.0
13113140209,2140.0
13113140210,6132.0
13113140303,5258.0
13113140304,6182.0
13113140305,6249.0
13113140307,5380.0
13113140308,2041.0
13113140309,6069.0
13113140403,5154.0
13113140404,6429.0
13113140405,4254.0
13113140406,3889.0
13113140408,3741.0
13113140409,3646.0
13113140410,4055.0
13113140501,6522.0
13113140502,3785.0
13115000100,4736.0
13115000202,3828.0
13115000203,2128.0
13115000204,4388.0
13115000300,3028.0
13115000401,2819.0
13115000402,1712.0
13115000403,4098.0
13115000500,3749.0
13115000600,4764.0
13115000700,5020.0
13115000800,5102.0
13115000900,2250.0
13115001100,2931.0
13115001200,5335.0
13115001301,2340.0
13115001302,3396.0
13115001400,6730.0
13115001600,2744.0
13115001703,4017.0
13115001704,2594.0
13115001705,4662.0
13115001706,1778.0
13115001800,5481.0
13115002000,4220.0
13115002100,4360.0
13117130101,5315.0
13117130102,2356.0
13117130103,4965.0
13117130104,4169.0
13117130105,2907.0
13117130201,5949.0
13117130202,5784.0
13117130203,5554.0
13117130204,6846.0
13117130205,5362.0
13117130301,7630.0
13117130302,8914.0
13117130303,3673.0
13117130304,5699.0
13117130305,6199.0
13117130306,4953.0
13117130307,6126.0
13117130406,7150.0
13117130409,3749.0
13117130410,8079.0
13117130411,1815.0
13117130412,3686.0
13117130413,2725.0
13117130414,4924.0
13117130415,3263.0
13117130503,3337.0
13117130504,3464.0
13117130505,2581.0
13117130506,3662.0
13117130507,3106.0
13117130508,5343.0
13117130509,4154.0
13117130511,5988.0
13117130512,3050.0
13117130601,5976.0
13117130602,6196.0
13117130603,8877.0
13117130604,5144.0
13117130605,4804.0
13117130606,5782.0
13117130607,8818.0
13117130608,6017.0
13117130609,6844.0
13117130610,6201.0
13117130611,5290.0
13117130613,6042.0
13117130614,4242.0
13117130615,3044.0
13119890101,4978.0
13119890103,2378.0
13119890104,1572.0
13119890201,2950.0
13119890202,2816.0
13119890300,3361.0
13119890401,2068.0
13119890402,3133.0
13121000100,5621.0
13121000201,2177.0
13121000202,4020.0
13121000400,2056.0
13121000501,3842.0
13121000502,1906.0
13121000601,4315.0
13121000602,3407.0
13121000700,3284.0
13121001001,4240.0
13121001002,7673.0
13121001101,3349.0
13121001102,2917.0
13121001203,2791.0
13121001204,1911.0
13121001205,1867.0
13121001206,3119.0
13121001301,3170.0
13121001302,2042.0
13121001400,2279.0
13121001501,2187.0
13121001502,2341.0
13121001600,2193.0
13121001701,2002.0
13121001702,3597.0
13121001801,2187.0
13121001802,2341.0
13121001901,3161.0
13121001902,2264.0
13121002100,2474.0
13121002300,1245.0
13121002400,2769.0
13121002500,2991.0
13121002600,1275.0
13121002801,4259.0
13121002802,1627.0
13121002900,2389.0
13121003000,4032.0
13121003100,2439.0
13121003200,2569.0
13121003500,2801.0
13121003600,1243.0
13121003700,159.0
13121003800,4551.0
13121003900,1692.0
13121004000,2498.0
13121004100,2289.0
13121004200,2417.0
13121004300,2699.0
13121004400,3012.0
13121004800,1091.0
13121004900,2994.0
13121005000,2997.0
13121005200,4968.0
13121005300,4053.0
13121005501,3045.0
13121005503,1136.0
13121005504,1341.0
13121005700,1335.0
13121005800,1207.0
13121006000,3438.0
13121006100,3406.0
13121006200,1541.0
13121006300,1617.0
13121006400,744.0
13121006500,3377.0
13121006601,1742.0
13121006602,888.0
13121006701,2868.0
13121006702,2015.0
13121006801,2116.0
13121006802,1913.0
13121006900,3284.0
13121007001,3466.0
13121007002,2822.0
13121007100,2758.0
13121007200,1884.0
13121007301,3724.0
13121007302,2945.0
13121007400,3465.0
13121007500,3228.0
13121007602,2885.0
13121007603,3720.0
13121007604,3338.0
13121007703,3122.0
13121007705,3932.0
13121007707,2137.0
13121007708,3092.0
13121007709,4921.0
13121007710,2574.0
13121007711,2957.0
13121007805,4736.0
13121007806,5260.0
13121007807,4325.0
13121007808,3351.0
13121007809,4661.0
13121007810,4928.0
13121007900,5043.0
13121008000,5358.0
13121008103,3062.0
13121008104,3567.0
13121008202,2359.0
13121008203,3015.0
13121008204,2908.0
13121008301,2905.0
13121008302,1761.0
13121008400,2860.0
13121008500,2356.0
13121008601,5195.0
13121008602,1539.0
13121008701,4318.0
13121008702,2523.0
13121008801,1694.0
13121008802,2608.0
13121008903,2435.0
13121008905,5173.0
13121008906,2391.0
13121008907,3043.0
13121008908,2610.0
13121008909,1635.0
13121009001,2007.0
13121009002,2876.0
13121009103,3683.0
13121009104,2657.0
13121009105,1260.0
13121009106,2245.0
13121009201,1917.0
13121009202,2813.0
13121009203,2345.0
13121009301,3855.0
13121009302,2130.0
13121009405,4124.0
13121009406,1566.0
13121009407,1100.0
13121009408,1785.0
13121009409,1958.0
13121009410,3857.0
13121009411,2493.0
13121009501,3765.0
13121009503,1441.0
13121009504,2298.0
13121009601,3538.0
13121009604,2656.0
13121009605,2617.0
13121009606,1501.0
13121009607,4046.0
13121009700,3704.0
13121009802,4167.0
13121009803,2766.0
13121009804,2659.0
13121009900,4899.0
13121010003,3482.0
13121010004,2406.0
13121010005,2884.0
13121010006,3622.0
13121010007,1788.0
13121010106,3744.0
13121010107,1933.0
13121010108,4566.0
13121010115,2897.0
13121010117,4596.0
13121010120,2529.0
13121010121,2233.0
13121010124,2340.0
13121010125,3746.0
13121010126,2390.0
13121010127,1952.0
13121010128,1686.0
13121010129,4395.0
13121010130,3886.0
13121010131,2568.0
13121010132,3285.0
13121010133,4762.0
13121010134,2343.0
13121010135,2524.0
13121010136,3317.0
13121010137,3484.0
13121010204,5343.0
13121010211,3507.0
13121010212,5894.0
13121010213,816.0
13121010214,2420.0
13121010215,1600.0
13121010216,4246.0
13121010217,2852.0
13121010218,1659.0
13121010219,1946.0
13121010220,3931.0
13121010221,1998.0
13121010222,2497.0
13121010223,2910.0
13121010305,5154.0
13121010306,4236.0
13121010307,5487.0
13121010308,4824.0
13121010309,4267.0
13121010310,5589.0
13121010311,6059.0
13121010312,3001.0
13121010313,3617.0
13121010314,2900.0
13121010315,5905.0
13121010401,4823.0
13121010402,4184.0
13121010508,4318.0
13121010517,4750.0
13121010518,2930.0
13121010519,3999.0
13121010520,6824.0
13121010521,1919.0
13121010522,6469.0
13121010523,1242.0
13121010524,3921.0
13121010525,2682.0
13121010526,5495.0
13121010527,7705.0
13121010528,3904.0
13121010529,5769.0
13121010530,3403.0
13121010531,2260.0
13121010532,2825.0
13121010533,2046.0
13121010534,2438.0
13121010535,2162.0
13121010536,2647.0
13121010537,4246.0
13121010538,3059.0
13121010539,2700.0
13121010540,5348.0
13121010601,3539.0
13121010603,4174.0
13121010604,2240.0
13121010801,2170.0
13121010802,4383.0
13121011000,2891.0
13121011100,2366.0
13121011202,4242.0
13121011203,1979.0
13121011204,1380.0
13121011301,4921.0
13121011306,2968.0
13121011307,4970.0
13121011308,1826.0
13121011309,3558.0
13121011310,6041.0
13121011416,5079.0
13121011417,4805.0
13121011419,5783.0
13121011421,5591.0
13121011422,3572.0
13121011423,5925.0
13121011424,6284.0
13121011426,2465.0
13121011428,2513.0
13121011429,5140.0
13121011430,4445.0
13121011431,4427.0
13121011432,4046.0
13121011433,3033.0
13121011434,3488.0
13121011435,3692.0
13121011436,2984.0
13121011437,2810.0
13121011438,5516.0
13121011439,4116.0
13121011440,2284.0
13121011441,3569.0
13121011442,2164.0
13121011443,3369.0
13121011444,3563.0
13121011445,2802.0
13121011446,3043.0
13121011505,4120.0
13121011507,4201.0
13121011508,5410.0
13121011509,2040.0
13121011510,6433.0
13121011511,2467.0
13121011512,3211.0
13121011513,3297.0
13121011514,2883.0
13121011515,2630.0
13121011612,3553.0
13121011618,5004.0
13121011624,4109.0
13121011627,4155.0
13121011628,3546.0
13121011629,4287.0
13121011630,3465.0
13121011631,6542.0
13121011632,3502.0
13121011633,3346.0
13121011634,2450.0
13121011635,3275.0
13121011636,1827.0
13121011637,2428.0
13121011638,4232.0
13121011639,1965.0
13121011640,5065.0
13121011641,5020.0
13121011642,3266.0
13121011643,4050.0
13121011644,4020.0
13121011645,3488.0
13121011646,4287.0
13121011647,4908.0
13121011648,2383.0
13121011649,5128.0
13121011650,4473.0
13121011651,1962.0
13121011652,2803.0
13121011653,3752.0
13121011654,2455.0
13121011655,2603.0
13121011656,3876.0
13121011657,3031.0
13121011658,4161.0
13121011659,2736.0
13121011660,4745.0
13121011661,2383.0
13121011801,421.0
13121011802,1227.0
13121011901,2103.0
13121011902,1137.0
13121012000,3250.0
13121012300,2813.0
13121980000,0.0
13123080100,4337.0
13123080200,5943.0
13123080301,2569.0
13123080302,4254.0
13123080401,2817.0
13123080402,4009.0
13123080403,2919.0
13123080500,4199.0
13125010100,2903.0
13127000101,1343.0
13127000103,2364.0
13127000104,874.0
13127000201,1703.0
13127000202,4222.0
13127000301,880.0
13127000302,2401.0
13127000303,3514.0
13127000403,3289.0
13127000405,2160.0
13127000406,6516.0
13127000407,4356.0
13127000408,3977.0
13127000409,2152.0
13127000501,3647.0
13127000503,3823.0
13127000504,4743.0
13127000601,3888.0
13127000602,1634.0
13127000701,3239.0
13127000702,4071.0
13127000800,4171.0
13127000900,4211.0
13127001001,5714.0
13127001002,5481.0
13127990000,0.0
13129970101,3026.0
13129970102,2284.0
13129970201,3485.0
13129970202,4859.0
13129970301,3428.0
13129970302,5090.0
13129970400,6317.0
13129970500,4418.0
13129970601,2735.0
13129970602,4040.0
13129970700,4874.0
13129970801,3464.0
13129970802,1986.0
13129970901,4304.0
13129970902,2964.0
13131950100,2374.0
13131950200,2639.0
13131950300,4399.0
13131950401,2039.0
13131950402,4315.0
13131950501,2544.0
13131950502,5588.0
13131950600,2178.0
13133950100,1912.0
13133950200,2223.0
13133950301,2753.0
13133950302,3280.0
13133950304,2050.0
13133950305,3690.0
13133950400,945.0
13133950500,1608.0
13135050105,5353.0
13135050110,6348.0
13135050111,2535.0
13135050112,4417.0
13135050113,6661.0
13135050114,2678.0
13135050115,3399.0
13135050116,8214.0
13135050117,3888.0
13135050118,2412.0
13135050119,4653.0
13135050120,2339.0
13135050121,6536.0
13135050205,4901.0
13135050215,2989.0
13135050218,4591.0
13135050219,4166.0
13135050221,4398.0
13135050222,4661.0
13135050223,6420.0
13135050224,3277.0
13135050225,4479.0
13135050226,3857.0
13135050227,2632.0
13135050228,4127.0
13135050229,2546.0
13135050230,3252.0
13135050231,4643.0
13135050232,2298.0
13135050233,2923.0
13135050234,4153.0
13135050235,5585.0
13135050236,2341.0
13135050237,3585.0
13135050238,4113.0
13135050239,4894.0
13135050240,4701.0
13135050241,3468.0
13135050242,3915.0
13135050243,5756.0
13135050244,3143.0
13135050306,3693.0
13135050308,3604.0
13135050311,3639.0
13135050315,6223.0
13135050317,3487.0
13135050318,2818.0
13135050321,5460.0
13135050322,4781.0
13135050323,4107.0
13135050324,4960.0
13135050325,3831.0
13135050326,4387.0
13135050327,4005.0
13135050328,2975.0
13135050329,2370.0
13135050330,2731.0
13135050331,2175.0
13135050332,3196.0
13135050333,4942.0
13135050334,6522.0
13135050335,2934.0
13135050336,3149.0
13135050415,3917.0
13135050416,3833.0
13135050425,5373.0
13135050427,5984.0
13135050430,5585.0
13135050433,2359.0
13135050435,3097.0
13135050437,2560.0
13135050438,4384.0
13135050439,2896.0
13135050440,8010.0
13135050441,5486.0
13135050442,2951.0
13135050443,3235.0
13135050444,3782.0
13135050445,3556.0
13135050446,3838.0
13135050447,2354.0
13135050448,5182.0
13135050449,3879.0
13135050450,3190.0
13135050451,3099.0
13135050452,2429.0
13135050453,3238.0
13135050454,3939.0
13135050455,2191.0
13135050456,4567.0
13135050457,4058.0
13135050458,3385.0
13135050459,3501.0
13135050460,4420.0
13135050461,2929.0
13135050462,3473.0
13135050463,3597.0
13135050464,4821.0
13135050465,3747.0
13135050466,3131.0
13135050520,7102.0
13135050521,6211.0
13135050522,5446.0
13135050526,4950.0
13135050528,4653.0
13135050529,4227.0
13135050530,6376.0
13135050536,6711.0
13135050537,3598.0
13135050539,6154.0
13135050541,5652.0
13135050542,5788.0
13135050549,5910.0
13135050550,4127.0
13135050551,3866.0
13135050552,3690.0
13135050553,4620.0
13135050554,4964.0
13135050555,5199.0
13135050556,8892.0
13135050557,3264.0
13135050558,2207.0
13135050559,4329.0
13135050560,3681.0
13135050561,3941.0
13135050562,4403.0
13135050563,3192.0
13135050564,3500.0
13135050565,4499.0
13135050566,3476.0
13135050567,4451.0
13135050568,4073.0
13135050569,5093.0
13135050570,4698.0
13135050571,7547.0
13135050572,3631.0
13135050573,3126.0
13135050574,5180.0
13135050575,2653.0
13135050576,2418.0
13135050577,5036.0
13135050578,4176.0
13135050579,4539.0
13135050580,3986.0
13135050581,3724.0
13135050582,2160.0
13135050583,5031.0
13135050584,4245.0
13135050585,3297.0
13135050586,5766.0
13135050587,3480.0
13135050588,6085.0
13135050589,5638.0
13135050590,4967.0
13135050591,3633.0
13135050611,3503.0
13135050612,4151.0
13135050613,5571.0
13135050614,4209.0
13135050615,2564.0
13135050616,3622.0
13135050617,10051.0
13135050618,4369.0
13135050619,6137.0
13135050620,3851.0
13135050621,3492.0
13135050622,2309.0
13135050623,6059.0
13135050624,3565.0
13135050625,3397.0
13135050626,4496.0
13135050627,5534.0
13135050628,5756.0
13135050629,2080.0
13135050630,3841.0
13135050631,8042.0
13135050632,3635.0
13135050633,2419.0
13135050634,6156.0
13135050635,3881.0
13135050636,3834.0
13135050715,6397.0
13135050719,5802.0
13135050722,4161.0
13135050725,6465.0
13135050729,4138.0
13135050732,5407.0
13135050733,2616.0
13135050734,4724.0
13135050735,4627.0
13135050736,6632.0
13135050737,4487.0
13135050738,7120.0
13135050739,4061.0
13135050740,1835.0
13135050741,6509.0
13135050742,4388.0
13135050743,4848.0
13135050744,6963.0
13135050745,4462.0
13135050746,7547.0
13135050747,4802.0
13135050748,5047.0
13135050749,3463.0
13135050750,4926.0
13135050751,3333.0
13135050752,3694.0
13135050753,4255.0
13135050754,3623.0
13135050755,2735.0
13135050756,5829.0
13135050757,3927.0
13135050758,2890.0
13135050759,4207.0
13135050760,4903.0
13135050761,3465.0
13135050762,4953.0
13135050763,4566.0
13135050764,2752.0
13135050765,2949.0
13137000100,3693.0
13137000201,3686.0
13137000203,3797.0
13137000204,1629.0
13137000300,4488.0
13137000400,5125.0
13137000501,2351.0
13137000502,6203.0
13137000601,6671.0
13137000603,3210.0
13137000604,4914.0
13139000101,5179.0
13139000102,3379.0
13139000203,4458.0
13139000204,4545.0
13139000205,2381.0
13139000206,2922.0
13139000303,2669.0
13139000304,3480.0
13139000305,4567.0
13139000306,2894.0
13139000307,4246.0
13139000401,2780.0
13139000402,3502.0
13139000501,3670.0
13139000502,3298.0
13139000601,3188.0
13139000602,4102.0
13139000702,5438.0
13139000703,4014.0
13139000704,3029.0
13139000800,4134.0
13139000901,2956.0
13139000902,3452.0
13139001004,3093.0
13139001005,4911.0
13139001006,2888.0
13139001007,2046.0
13139001008,3677.0
13139001101,5316.0
13139001102,4413.0
13139001202,6263.0
13139001203,2726.0
13139001204,4794.0
13139001302,5712.0
13139001303,3019.0
13139001304,4011.0
13139001402,5363.0
13139001404,6353.0
13139001405,2047.0
13139001406,4041.0
13139001501,5706.0
13139001502,4191.0
13139001603,5409.0
13139001605,5032.0
13139001606,3824.0
13139001607,6224.0
13139001609,5451.0
13139001610,3292.0
13139001611,4722.0
13139001612,2896.0
13141480300,2181.0
13141480400,6471.0
13143010100,3440.0
13143010201,3314.0
13143010202,1770.0
13143010301,4047.0
13143010303,1957.0
13143010304,7280.0
13143010401,2707.0
13143010402,5170.0
13145120198,5006.0
13145120200,3610.0
13145120301,3642.0
13145120302,6712.0
13145120401,7170.0
13145120403,3694.0
13145120404,4482.0
13147960101,1130.0
13147960102,1008.0
13147960103,3528.0
13147960200,3711.0
13147960300,3679.0
13147960401,1364.0
13147960402,4869.0
13147960501,1107.0
13147960502,1921.0
13147960503,3491.0
13149970100,4410.0
13149970200,3684.0
13149970300,3346.0
13151070109,3149.0
13151070113,5269.0
13151070114,5240.0
13151070115,4381.0
13151070116,3383.0
13151070117,3909.0
13151070118,2425.0
13151070119,6429.0
13151070120,2424.0
13151070121,4329.0
13151070122,2440.0
13151070123,2803.0
13151070124,4603.0
13151070125,2550.0
13151070126,2979.0
13151070127,3458.0
13151070128,2373.0
13151070204,6402.0
13151070206,4367.0
13151070207,2945.0
13151070208,4107.0
13151070209,3641.0
13151070210,2711.0
13151070211,4347.0
13151070212,3259.0
13151070213,3079.0
13151070214,5074.0
13151070215,1767.0
13151070216,6154.0
13151070307,4650.0
13151070310,5287.0
13151070312,4188.0
13151070313,7944.0
13151070314,3273.0
13151070315,4653.0
13151070316,2627.0
13151070317,6307.0
13151070318,2533.0
13151070319,5156.0
13151070320,2926.0
13151070321,2719.0
13151070322,4372.0
13151070323,3609.0
13151070324,4147.0
13151070325,2422.0
13151070405,3178.0
13151070406,6293.0
13151070407,4023.0
13151070408,3671.0
13151070409,4172.0
13151070410,4621.0
13151070411,6201.0
13151070412,4591.0
13151070503,5463.0
13151070504,1791.0
13151070505,6246.0
13151070506,3011.0
13151070507,1874.0
13151070508,4670.0
13153020106,2050.0
13153020108,5549.0
13153020110,2470.0
13153020111,3584.0
13153020112,4861.0
13153020113,5518.0
13153020200,5811.0
13153020301,1172.0
13153020302,4825.0
13153020400,2018.0
13153020600,1557.0
13153020700,2871.0
13153020800,2765.0
13153020900,3974.0
13153021001,3144.0
13153021002,3687.0
13153021108,6922.0
13153021114,7724.0
13153021115,7453.0
13153021116,3001.0
13153021117,5467.0
13153021118,2777.0
13153021119,4311.0
13153021120,5045.0
13153021121,2509.0
13153021122,4006.0
13153021123,6420.0
13153021124,7437.0
13153021125,5318.0
13153021203,3588.0
13153021204,6902.0
13153021205,4595.0
13153021206,1991.0
13153021300,3860.0
13153021401,6701.0
13153021402,5851.0
13153021501,575.0
13153021502,2868.0
13155950100,2550.0
13155950201,3833.0
13155950202,3232.0
13157010104,4979.0
13157010105,3730.0
13157010106,3541.0
13157010107,4559.0
13157010108,3097.0
13157010109,3734.0
13157010200,4620.0
13157010300,5610.0
13157010400,5370.0
13157010500,5100.0
13157010601,5304.0
13157010602,5363.0
13157010701,2564.0
13157010703,3902.0
13157010704,3760.0
13157010705,4606.0
13157010706,4000.0
13159010100,2675.0
13159010200,3016.0
13159010501,3838.0
13159010502,2463.0
13159010503,2486.0
13161960101,1878.0
13161960102,4752.0
13161960201,3742.0
13161960202,2985.0
13161960300,1396.0
13163960100,4759.0
13163960200,2169.0
13163960300,5543.0
13163960400,3237.0
13165960100,6267.0
13165960200,2426.0
13167960100,2708.0
13167960201,2602.0
13167960202,2237.0
13167960300,1725.0
13169030101,2227.0
13169030103,2748.0
13169030105,2968.0
13169030106,2944.0
13169030200,3400.0
13169030303,2149.0
13169030304,3944.0
13169030305,4556.0
13169030306,3361.0
13171970100,6545.0
13171970201,3487.0
13171970202,3705.0
13171970300,4745.0
13173950100,2115.0
13173950201,3739.0
13173950202,4020.0
13175950100,3697.0
13175950201,4616.0
13175950202,4859.0
13175950300,1588.0
13175950400,4056.0
13175950500,3378.0
13175950600,2430.0
13175950700,3132.0
13175950800,4386.0
13175950900,3018.0
13175951001,2944.0
13175951002,4372.0
13175951100,4308.0
13175951400,2418.0
13177020101,3104.0
13177020102,2805.0
13177020200,1505.0
13177020301,3715.0
13177020302,3723.0
13177020403,7585.0
13177020404,4358.0
13177020405,5752.0
13179010101,6304.0
13179010102,2043.0
13179010103,1345.0
13179010202,4449.0
13179010204,2833.0
13179010205,6036.0
13179010206,5659.0
13179010207,6459.0
13179010208,5910.0
13179010301,1242.0
13179010302,5769.0
13179010401,2039.0
13179010402,3947.0
13179010501,3529.0
13179010503,2750.0
13179010504,2194.0
13179010600,1826.0
13179990000,0.0
13181970100,3318.0
13181970200,4368.0
13183970101,3415.0
13183970102,7060.0
13183970201,2939.0
13183970202,2984.0
13183980000,0.0
13185010101,5917.0
13185010102,6635.0
13185010103,4414.0
13185010201,4510.0
13185010203,4829.0
13185010204,8245.0
13185010301,4510.0
13185010302,2167.0
13185010401,1492.0
13185010403,3277.0
13185010404,5556.0
13185010500,4776.0
13185010601,6500.0
13185010604,5489.0
13185010700,3596.0
13185010801,4080.0
13185010802,1777.0
13185010900,1732.0
13185011000,2839.0
13185011100,3044.0
13185011200,5227.0
13185011301,4009.0
13185011302,1932.0
13185011401,2187.0
13185011402,2661.0
13185011404,3630.0
13185011405,4651.0
13185011500,3892.0
13185011600,3863.0
13187960103,2622.0
13187960104,4891.0
13187960105,3205.0
13187960106,4177.0
13187960203,4552.0
13187960204,3231.0
13187960205,5536.0
13187960206,4974.0
13189950100,2403.0
13189950200,5450.0
13189950300,3027.0
13189950401,2479.0
13189950402,2979.0
13189950500,5389.0
13191110101,1202.0
13191110102,714.0
13191110103,1434.0
13191110201,2617.0
13191110202,1857.0
13191110300,3467.0
13191980000,0.0
13191990000,0.0
13193000100,1450.0
13193000200,1523.0
13193000300,4743.0
13193000400,4614.0
13195020100,5942.0
13195020200,4230.0
13195020300,4940.0
13195020400,5751.0
13195020501,1794.0
13195020502,5160.0
13195020600,2089.0
13197920100,3942.0
13197920200,3621.0
13199970501,2456.0
13199970502,2523.0
13199970600,3500.0
13199970701,2928.0
13199970702,4491.0
13199970801,2831.0
13199970802,1930.0
13201950100,1772.0
13201950200,1822.0
13201950300,2390.0
13205090100,3848.0
13205090200,3314.0
13205090300,2840.0
13205090401,3030.0
13205090402,3570.0
13205090501,2893.0
13205090502,2445.0
13207050101,6307.0
13207050102,4366.0
13207050200,5548.0
13207050301,5835.0
13207050302,5769.0
13209950100,1704.0
13209950200,4896.0
13209950300,2101.0
13211010100,3409.0
13211010200,3900.0
13211010301,3338.0
13211010302,3937.0
13211010400,3243.0
13211010500,1867.0
13213010100,3652.0
13213010201,1939.0
13213010203,3593.0
13213010204,4791.0
13213010300,4383.0
13213010401,3204.0
13213010402,3119.0
13213010500,5361.0
13213010600,4554.0
13213010700,5257.0
13215000200,2255.0
13215000300,1459.0
13215000400,3045.0
13215000800,2814.0
13215000900,2630.0
13215001000,4905.0
13215001100,3033.0
13215001200,3500.0
13215001400,1995.0
13215001600,2501.0
13215001800,1268.0
13215002000,3081.0
13215002100,2651.0
13215002200,2531.0
13215002300,1537.0
13215002400,1331.0
13215002500,550.0
13215002700,2780.0
13215002800,2014.0
13215002901,2744.0
13215002902,2556.0
13215003000,2509.0
13215003200,2211.0
13215003301,1427.0
13215003302,2088.0
13215003400,1862.0
13215010106,6377.0
13215010108,5546.0
13215010109,2499.0
13215010110,2982.0
13215010111,6925.0
13215010204,6858.0
13215010205,3840.0
13215010206,2883.0
13215010207,4834.0
13215010208,5211.0
13215010209,4390.0
13215010301,2295.0
13215010303,4877.0
13215010304,2348.0
13215010401,7109.0
13215010402,5273.0
13215010501,6148.0
13215010502,1843.0
13215010602,5221.0
13215010605,4167.0
13215010606,2201.0
13215010607,5438.0
13215010608,4880.0
13215010701,6644.0
13215010702,5634.0
13215010704,2596.0
13215010705,3993.0
13215010801,2489.0
13215010802,6940.0
13215011100,1761.0
13215011200,1791.0
13215011400,2478.0
13215011500,4618.0
13217100101,5590.0
13217100102,5515.0
13217100202,6178.0
13217100203,2955.0
13217100204,3923.0
13217100301,6125.0
13217100302,4490.0
13217100400,3436.0
13217100503,6686.0
13217100504,5959.0
13217100505,4248.0
13217100506,3472.0
13217100507,6418.0
13217100600,6562.0
13217100701,3611.0
13217100702,3073.0
13217100801,5590.0
13217100802,4535.0
13217100902,5890.0
13217100903,5730.0
13217100904,6577.0
13217100905,4699.0
13219030101,1294.0
13219030102,1700.0
13219030103,2777.0
13219030104,7770.0
13219030201,3449.0
13219030202,4116.0
13219030300,5873.0
13219030401,1929.0
13219030402,5573.0
13219030500,2897.0
13219030600,3628.0
13221960100,1696.0
13221960203,2877.0
13221960204,3303.0
13221960205,2435.0
13221960206,3015.0
13221960300,1453.0
13223120104,3441.0
13223120105,7433.0
13223120106,2230.0
13223120107,7941.0
13223120108,9041.0
13223120109,6075.0
13223120110,6495.0
13223120111,7107.0
13223120203,5095.0
13223120205,4955.0
13223120206,3874.0
13223120207,3206.0
13223120208,3960.0
13223120301,6609.0
13223120303,2128.0
13223120304,2087.0
13223120305,4273.0
13223120306,3069.0
13223120307,4119.0
13223120401,5014.0
13223120402,4824.0
13223120403,5313.0
13223120503,4663.0
13223120504,2166.0
13223120505,7434.0
13223120506,4527.0
13223120507,5387.0
13223120601,5429.0
13223120603,7261.0
13223120604,5326.0
13223120605,5787.0
13223120606,3431.0
13223120607,5988.0
13225040101,1933.0
13225040103,5692.0
13225040104,2843.0
13225040105,2402.0
13225040200,3878.0
13225040301,3370.0
13225040302,2324.0
13225040400,5380.0
13227050101,2244.0
13227050102,3060.0
13227050201,4181.0
13227050202,2390.0
13227050300,4570.0
13227050400,4128.0
13227050500,5006.0
13227050601,5190.0
13227050602,2045.0
13229960100,3172.0
13229960200,1531.0
13229960301,3423.0
13229960302,3166.0
13229960401,5485.0
13229960402,2867.0
13231010101,3189.0
13231010102,3948.0
13231010200,3813.0
13231010300,4106.0
13231010400,3698.0
13233010100,6542.0
13233010201,5497.0
13233010202,2739.0
13233010300,5112.0
13233010400,6652.0
13233010500,5336.0
13233010600,4896.0
13233010700,5918.0
13235950100,2850.0
13235950201,2866.0
13235950202,3021.0
13235950300,1264.0
13237960101,4024.0
13237960103,2402.0
13237960104,2365.0
13237960201,1071.0
13237960203,4542.0
13237960204,2582.0
13237960301,2754.0
13237960302,2130.0
13239960300,2249.0
13241970101,2038.0
13241970102,911.0
13241970103,2293.0
13241970201,3794.0
13241970202,2569.0
13241970302,1510.0
13241970303,2754.0
13241970304,862.0
13243790100,1633.0
13243790200,4870.0
13245000100,4404.0
13245000200,2472.0
13245000300,920.0
13245000600,3046.0
13245000700,1201.0
13245001000,3117.0
13245001100,1750.0
13245001200,4862.0
13245001300,1826.0
13245001400,1419.0
13245001602,4175.0
13245001603,1109.0
13245001604,2772.0
13245010101,3281.0
13245010104,2765.0
13245010105,3476.0
13245010107,2676.0
13245010108,1199.0
13245010109,3145.0
13245010201,4663.0
13245010203,4436.0
13245010205,2373.0
13245010206,2188.0
13245010207,5941.0
13245010208,5300.0
13245010300,5566.0
13245010400,3267.0
13245010506,6519.0
13245010507,4683.0
13245010508,3479.0
13245010509,5543.0
13245010510,5628.0
13245010511,3619.0
13245010512,5034.0
13245010513,3036.0
13245010514,3535.0
13245010515,3558.0
13245010601,2635.0
13245010602,2776.0
13245010706,5743.0
13245010707,3315.0
13245010708,6005.0
13245010709,5516.0
13245010710,5354.0
13245010711,4440.0
13245010713,5893.0
13245010714,3047.0
13245010801,2793.0
13245010802,5140.0
13245010903,4368.0
13245010904,4292.0
13245010905,4826.0
13245010907,2295.0
13245010908,5364.0
13245011000,1649.0
13245011100,2338.0
13247060101,4271.0
13247060103,2341.0
13247060104,2969.0
13247060201,5408.0
13247060203,5132.0
13247060204,4537.0
13247060305,6054.0
13247060306,3341.0
13247060310,2243.0
13247060311,4067.0
13247060312,3249.0
13247060313,4242.0
13247060314,2106.0
13247060315,3469.0
13247060316,5239.0
13247060317,3488.0
13247060318,4306.0
13247060403,3764.0
13247060406,5655.0
13247060407,2840.0
13247060408,3077.0
13247060409,3677.0
13247060410,5104.0
13247060411,2404.0
13249960100,2537.0
13249960200,2085.0
13251970200,1756.0
13251970300,3704.0
13251970401,1207.0
13251970402,2397.0
13251970500,2959.0
13251970600,2005.0
13253200100,2748.0
13253200200,3535.0
13253200300,2825.0
13255160101,3877.0
13255160102,1112.0
13255160201,3813.0
13255160202,4386.0
13255160300,3235.0
13255160401,1787.0
13255160402,2724.0
13255160500,6716.0
13255160600,4294.0
13255160701,6146.0
13255160702,2617.0
13255160800,4031.0
13255160900,2336.0
13255161000,6104.0
13255161100,4430.0
13255161201,3897.0
13255161202,5217.0
13257970101,3435.0
13257970102,3910.0
13257970201,1699.0
13257970202,3506.0
13257970301,3946.0
13257970302,3527.0
13257970401,3484.0
13257970402,3134.0
13259950100,1761.0
13259950400,3586.0
13261950100,1375.0
13261950200,5069.0
13261950300,6319.0
13261950400,2673.0
13261950500,3587.0
13261950600,2338.0
13261950700,6358.0
13261950800,1971.0
13263960100,2052.0
13263960200,2258.0
13263960300,1527.0
13265010200,1574.0
13267950100,3286.0
13267950202,6416.0
13267950203,2452.0
13267950204,1676.0
13267950300,4331.0
13267950401,2233.0
13267950402,2817.0
13269950100,925.0
13269950200,2195.0
13269950301,1952.0
13269950302,2785.0
13271950101,5026.0
13271950102,1686.0
13271950103,1406.0
13271950200,1112.0
13271950500,3630.0
13273120200,1650.0
13273120300,3315.0
13273120400,2621.0
13273120500,1516.0
13275960100,1315.0
13275960200,4573.0
13275960300,2691.0
13275960400,2605.0
13275960501,3783.0
13275960502,2544.0
13275960601,3190.0
13275960602,2483.0
13275960701,4104.0
13275960702,2432.0
13275960800,5746.0
13275960900,3308.0
13275961000,4460.0
13275961100,2435.0
13277960100,2098.0
13277960200,2735.0
13277960301,5675.0
13277960302,2915.0
13277960401,3969.0
13277960402,1773.0
13277960500,5064.0
13277960601,2650.0
13277960602,4241.0
13277960700,4902.0
13277960800,2094.0
13277960900,3032.0
13279970101,2663.0
13279970102,1707.0
13279970201,2712.0
13279970202,3020.0
13279970301,3172.0
13279970302,2443.0
13279970400,4539.0
13279970500,3701.0
13279970600,2999.0
13281960100,4515.0
13281960200,3824.0
13281960301,1603.0
13281960302,2358.0
13283960100,1706.0
13283960200,4704.0
13285960101,2856.0
13285960102,3585.0
13285960201,3546.0
13285960202,2648.0
13285960300,3849.0
13285960401,3233.0
13285960402,3361.0
13285960501,4572.0
13285960503,5500.0
13285960504,2195.0
13285960600,5536.0
13285960700,4767.0
13285960800,4489.0
13285960901,4074.0
13285960903,3411.0
13285960904,3419.0
13285961000,5693.0
13285961100,2749.0
13287970201,2974.0
13287970202,2403.0
13287970300,3479.0
13289060101,2498.0
13289060102,2124.0
13289060200,3412.0
13291000101,4238.0
13291000103,3007.0
13291000104,2189.0
13291000201,2920.0
13291000203,2192.0
13291000204,3602.0
13291000206,3622.0
13291000207,2413.0
13293010100,2932.0
13293010201,4995.0
13293010202,2709.0
13293010300,3320.0
13293010401,1553.0
13293010402,5227.0
13293010500,5050.0
13293010600,1638.0
13295020101,3493.0
13295020102,2040.0
13295020200,3466.0
13295020301,4841.0
13295020302,4875.0
13295020400,2755.0
13295020503,4408.0
13295020504,3355.0
13295020505,4220.0
13295020506,4048.0
13295020601,6799.0
13295020602,5380.0
13295020701,2550.0
13295020702,4670.0
13295020800,3110.0
13295020902,1979.0
13295020903,2655.0
13295020904,3128.0
13297110101,4733.0
13297110102,4919.0
13297110200,5190.0
13297110301,3496.0
13297110302,3166.0
13297110400,8461.0
13297110503,3893.0
13297110504,5994.0
13297110505,4363.0
13297110506,6018.0
13297110508,5160.0
13297110509,5205.0
13297110510,3255.0
13297110601,5333.0
13297110602,5976.0
13297110603,5814.0
13297110701,3348.0
13297110702,3420.0
13297110801,3857.0
13297110802,3852.0
13299950100,1637.0
13299950200,7722.0
13299950300,2564.0
13299950400,2238.0
13299950500,4660.0
13299950600,5640.0
13299950700,2457.0
13299950801,2838.0
13299950802,1998.0
13299950900,4330.0
13301970400,2735.0
13301970500,2483.0
13303950100,1695.0
13303950300,4807.0
13303950400,4638.0
13303950500,5329.0
13303950700,3583.0
13305970100,3468.0
13305970201,3640.0
13305970202,4141.0
13305970300,6022.0
13305970400,3046.0
13305970500,6058.0
13305970600,3743.0
13307960100,1167.0
13307960200,1205.0
13309780100,3789.0
13309780200,3779.0
13311950101,1230.0
13311950102,1721.0
13311950202,2533.0
13311950204,2921.0
13311950205,2304.0
13311950206,4944.0
13311950207,4734.0
13311950301,3873.0
13311950302,3626.0
13313000101,4464.0
13313000103,3997.0
13313000104,4630.0
13313000200,4630.0
13313000301,4077.0
13313000303,5026.0
13313000304,3882.0
13313000401,6954.0
13313000402,1738.0
13313000501,5176.0
13313000502,7512.0
13313000600,4378.0
13313000700,4520.0
13313000801,2469.0
13313000802,5046.0
13313000900,3623.0
13313001000,3620.0
13313001100,4744.0
13313001200,5996.0
13313001300,4350.0
13313001400,5757.0
13313001500,6487.0
13315960100,4043.0
13315960200,1329.0
13315960300,1363.0
13315960400,2106.0
13317010101,1827.0
13317010102,1896.0
13317010301,2199.0
13317010302,3721.0
13319960200,2611.0
13319960300,4241.0
13319960400,2079.0
13321950100,3603.0
13321950201,2148.0
13321950202,4094.0
13321950400,4644.0
13321950500,4165.0
13321950600,2170.0
